member,IL_mm,CL_mm_hr
1,32.6,3.95
2,18.2,3.86
3,40.6,1.21
4,27.9,0.56
5,7.5,1.54
6,59.3,1.06
7,31.8,1.96
8,33.3,8.92
9,8.6,1.14
10,18.5,1.61
11,16.0,3.99
12,50.2,2.56
13,25.8,0.59
14,36.7,1.08
15,18.3,7.41
16,11.4,0.89
17,22.2,3.33
18,6.0,4.63
19,37.2,1.41
20,25.3,3.99
21,31.6,1.1
22,15.5,1.48
23,58.3,1.58
24,44.4,9.5
25,32.9,1.25
26,10.4,0.97
27,19.0,7.08
28,5.0,1.08
29,9.3,5.89
30,27.3,3.43
31,30.8,2.96
32,57.8,4.24
33,14.5,4.0
34,16.0,0.91
35,19.1,9.61
36,10.3,7.63
37,8.6,6.15
38,19.3,3.24
39,11.4,2.64
40,26.8,2.72
41,18.1,0.45
42,37.8,2.5
43,28.0,3.25
44,14.0,3.48
45,37.7,1.67
46,34.7,2.35
47,16.6,3.34
48,13.2,2.12
49,27.3,8.33
50,8.9,3.8
51,10.6,0.38
52,3.2,0.49
53,33.4,3.69
54,26.6,2.04
55,28.3,5.29
56,33.0,1.11
57,18.8,0.44
58,22.7,1.92
59,8.9,4.09
60,8.2,8.66
61,26.7,5.95
62,19.1,2.42
63,22.6,4.89
64,32.0,0.73
65,25.4,2.93
66,22.1,7.03
67,22.4,1.96
68,13.7,8.26
69,4.3,1.27
70,18.1,0.89
71,11.0,2.65
72,17.3,6.45
73,40.1,1.58
74,11.6,4.7
75,5.7,1.1
76,13.0,4.18
77,13.4,2.84
78,26.5,1.12
79,22.3,3.92
80,33.2,3.88
81,26.6,2.59
82,17.2,1.28
83,35.7,0.98
84,9.7,8.16
85,3.9,3.46
86,7.3,4.84
87,29.4,3.73
88,18.9,5.14
89,9.5,1.08
90,20.0,2.48
91,9.3,3.54
92,27.9,0.89
93,18.4,1.04
94,16.4,3.32
95,13.7,5.73
96,25.2,3.49
97,15.7,0.56
98,7.2,8.61
99,8.3,1.0
100,56.7,1.31
101,46.8,8.77
102,28.0,4.42
103,12.6,7.45
104,58.1,4.8
105,32.9,3.44
106,29.0,1.47
107,18.5,1.65
108,12.8,7.82
109,7.6,5.61
110,45.7,1.79
111,18.7,1.85
112,10.7,1.52
113,13.8,1.64
114,23.2,5.61
115,9.9,0.43
116,40.4,2.16
117,31.6,7.67
118,29.2,2.76
119,18.0,2.24
120,25.1,1.58
121,23.4,0.74
122,26.0,1.28
123,7.0,0.83
124,17.5,0.96
125,4.9,1.08
126,19.8,1.53
127,14.6,0.43
128,9.0,7.92
129,7.9,0.95
130,23.5,1.9
131,9.8,5.89
132,49.9,0.9
133,23.2,2.41
134,15.2,5.37
135,23.6,2.84
136,3.9,1.23
137,56.1,4.09
138,19.5,3.63
139,33.1,1.8
140,6.9,0.61
141,19.6,0.41
142,19.7,5.08
143,52.2,1.62
144,22.9,1.0
145,19.2,2.61
146,12.6,6.91
147,14.7,0.42
148,20.8,0.66
149,18.2,2.06
150,3.9,3.59
151,37.1,2.37
152,44.8,6.16
153,8.9,0.6
154,22.2,1.71
155,8.0,1.76
156,26.9,1.71
157,13.0,2.44
158,26.4,4.61
159,29.7,1.61
160,32.3,4.17
161,8.0,1.03
162,48.2,2.86
163,11.5,1.86
164,4.7,2.74
165,22.2,0.9
166,16.0,8.03
167,37.5,6.41
168,35.1,5.1
169,14.2,6.09
170,55.0,1.03
171,13.3,2.52
172,20.6,1.61
173,12.3,6.01
174,51.9,1.17
175,9.6,1.26
176,5.0,3.66
177,18.1,0.82
178,62.4,4.06
179,44.3,1.42
180,31.0,3.5
181,44.2,5.8
182,44.5,3.16
183,20.8,1.24
184,14.1,0.62
185,32.5,0.6
186,26.5,0.82
187,16.1,2.98
188,7.5,1.74
189,30.9,1.34
190,12.5,1.26
191,52.0,7.86
192,11.8,0.94
193,8.4,1.55
194,37.6,2.35
195,9.3,0.38
196,10.0,6.92
197,24.0,0.87
198,42.4,3.64
199,10.5,3.29
200,14.0,4.84
201,32.8,3.43
202,58.6,4.41
203,20.0,2.09
204,9.0,2.44
205,3.5,3.77
206,11.5,2.91
207,8.7,2.57
208,27.1,1.22
209,8.4,1.39
210,20.3,1.79
211,27.8,0.42
212,23.2,2.07
213,10.6,0.39
214,34.7,2.89
215,29.0,3.79
216,30.4,2.87
217,8.7,3.71
218,8.5,0.38
219,50.3,0.67
220,16.9,3.74
221,13.6,4.74
222,19.7,3.92
223,26.5,3.51
224,55.5,3.82
225,13.2,4.13
226,49.8,3.98
227,4.0,4.11
228,22.2,0.75
229,25.4,0.69
230,8.0,1.8
231,8.9,2.67
232,17.6,4.34
233,57.5,1.68
234,23.8,1.44
235,51.3,4.52
236,34.7,1.36
237,19.0,5.01
238,33.3,1.13
239,3.7,1.79
240,8.1,1.98
241,37.4,1.52
242,34.0,0.39
243,11.6,1.32
244,21.2,1.69
245,24.2,1.59
246,41.7,4.56
247,24.1,0.61
248,17.4,1.93
249,16.1,0.56
250,17.8,7.25
251,26.1,4.61
252,41.6,9.01
253,18.6,6.55
254,12.0,1.6
255,11.7,3.7
256,30.9,1.55
257,36.0,6.02
258,7.9,2.03
259,6.1,1.87
260,23.8,6.68
261,9.1,5.25
262,36.9,8.47
263,14.0,0.71
264,9.0,1.34
265,49.1,1.53
266,9.6,2.1
267,13.1,2.36
268,9.3,1.5
269,8.2,4.61
270,3.9,1.28
271,5.6,3.73
272,9.9,5.48
273,5.5,3.12
274,23.6,1.77
275,27.2,1.16
276,16.8,0.99
277,14.2,4.17
278,20.2,2.34
279,42.5,0.61
280,39.8,9.07
281,5.0,3.56
282,10.1,5.36
283,11.7,2.18
284,12.1,8.1
285,22.8,1.2
286,17.5,1.15
287,5.3,6.06
288,16.1,6.08
289,21.0,2.49
290,7.8,0.96
291,37.9,1.55
292,5.4,4.26
293,49.8,5.39
294,7.8,1.74
295,39.0,0.68
296,45.7,3.53
297,60.0,4.13
298,34.4,2.1
299,32.9,3.0
300,25.7,9.19
301,32.9,1.35
302,8.8,2.94
303,21.4,3.17
304,20.6,2.79
305,40.5,5.74
306,18.9,3.13
307,16.5,2.55
308,25.6,0.95
309,12.6,3.78
310,8.9,0.98
311,19.3,0.51
312,17.5,2.44
313,11.6,2.93
314,15.9,9.59
315,15.9,3.87
316,14.5,5.43
317,16.3,1.73
318,27.4,2.55
319,13.5,8.74
320,54.3,2.07
321,48.2,4.81
322,19.4,2.66
323,14.6,1.28
324,21.4,2.98
325,39.5,1.26
326,26.1,0.39
327,34.7,1.32
328,21.3,1.18
329,25.3,1.84
330,13.2,6.03
331,30.2,1.92
332,10.7,5.38
333,27.8,2.83
334,40.9,0.41
335,8.7,1.16
336,24.6,7.27
337,7.6,3.13
338,29.6,7.21
339,7.0,1.57
340,51.9,3.91
341,8.8,4.43
342,56.2,8.79
343,34.3,0.47
344,23.7,7.99
345,33.1,1.94
346,33.9,5.27
347,53.8,2.77
348,12.2,2.89
349,23.6,1.79
350,7.6,5.13
351,24.6,1.41
352,9.8,2.46
353,22.6,2.86
354,22.9,4.15
355,19.0,2.35
356,20.9,3.62
357,32.0,2.42
358,34.2,3.49
359,19.8,3.58
360,24.0,3.84
361,51.0,5.05
362,8.4,2.74
363,8.3,1.18
364,7.2,3.62
365,26.3,0.76
366,17.6,1.26
367,32.6,4.63
368,26.8,2.16
369,14.7,2.49
370,45.0,9.19
371,31.9,1.31
372,12.7,0.47
373,15.8,0.91
374,14.1,1.34
375,9.4,4.0
376,9.1,4.47
377,51.9,2.89
378,18.1,1.38
379,16.4,2.63
380,29.8,0.45
381,22.1,3.63
382,51.9,3.19
383,33.0,0.48
384,19.4,4.96
385,16.2,4.35
386,61.3,1.56
387,29.1,3.33
388,54.7,3.11
389,8.3,1.02
390,39.8,1.18
391,25.5,3.64
392,8.4,7.35
393,23.5,2.96
394,27.4,2.91
395,3.4,3.4
396,18.6,2.19
397,37.0,0.65
398,13.5,1.96
399,18.8,6.21
400,18.3,4.77
401,13.7,7.14
402,48.6,1.05
403,33.0,2.54
404,8.1,3.01
405,63.2,1.23
406,42.9,1.2
407,13.1,4.53
408,38.3,3.57
409,8.0,3.41
410,63.6,1.42
411,26.6,2.54
412,26.0,0.49
413,7.3,0.97
414,44.9,2.61
415,4.2,1.57
416,11.8,8.45
417,9.0,2.35
418,32.8,0.79
419,10.5,0.46
420,47.2,3.99
421,26.3,1.11
422,4.6,1.16
423,3.1,2.1
424,5.4,1.41
425,24.2,3.21
426,34.4,2.42
427,11.8,0.91
428,39.6,4.56
429,5.7,2.11
430,34.3,3.17
431,50.4,0.39
432,32.5,3.27
433,27.9,1.47
434,38.4,2.47
435,4.8,1.52
436,10.7,9.5
437,8.5,1.3
438,20.2,6.64
439,30.8,6.82
440,25.2,2.09
441,39.8,1.54
442,9.3,1.89
443,30.1,9.26
444,10.4,3.22
445,12.7,2.77
446,28.6,0.55
447,60.1,5.42
448,24.5,0.79
449,5.5,0.61
450,24.7,1.44
451,4.9,2.37
452,43.5,6.13
453,28.6,4.61
454,9.8,1.19
455,7.4,1.85
456,10.1,4.51
457,60.1,2.66
458,18.8,1.12
459,33.2,1.96
460,25.5,3.27
461,22.9,8.71
462,9.1,3.5
463,53.8,0.46
464,13.6,3.8
465,23.1,1.37
466,28.0,5.63
467,26.0,1.9
468,52.8,1.2
469,9.2,2.33
470,20.3,1.38
471,17.1,1.32
472,19.2,2.94
473,8.3,4.39
474,8.8,5.22
475,12.9,1.96
476,13.8,0.71
477,17.8,2.42
478,24.4,2.15
479,25.4,1.19
480,17.4,6.14
481,17.3,8.74
482,11.1,0.63
483,23.5,4.66
484,14.2,3.4
485,4.6,1.4
486,17.6,3.33
487,19.2,0.97
488,11.4,0.72
489,22.9,9.4
490,22.6,3.34
491,28.1,1.37
492,25.9,2.24
493,26.1,7.92
494,14.2,2.18
495,33.4,6.22
496,22.0,5.73
497,17.9,1.72
498,25.0,3.72
499,15.7,3.49
500,20.5,4.43
501,30.3,1.82
502,43.7,0.64
503,49.1,1.11
504,20.1,3.21
505,20.8,4.46
506,34.2,4.28
507,14.1,3.0
508,38.3,0.8
509,19.8,0.46
510,8.2,4.53
511,6.4,2.8
512,38.8,4.54
513,5.6,1.08
514,13.0,2.01
515,14.8,6.86
516,9.8,1.11
517,14.1,0.68
518,30.6,3.45
519,3.5,3.07
520,37.2,7.98
521,40.4,6.42
522,16.1,4.22
523,9.3,0.47
524,24.0,2.4
525,8.4,6.14
526,15.8,2.15
527,56.1,8.33
528,63.0,3.44
529,32.5,0.91
530,14.0,2.56
531,27.5,3.72
532,28.3,0.7
533,16.6,1.73
534,25.6,3.91
535,3.3,1.06
536,10.9,1.74
537,21.0,3.68
538,9.6,4.47
539,9.6,2.61
540,38.2,8.15
541,61.8,7.07
542,22.2,2.36
543,38.5,1.07
544,62.0,4.44
545,9.0,1.34
546,18.4,5.34
547,16.7,3.02
548,6.8,1.95
549,31.4,2.84
550,18.0,2.7
551,19.1,7.05
552,9.2,1.25
553,10.1,7.16
554,46.5,0.53
555,5.0,4.41
556,11.6,6.87
557,13.4,1.95
558,19.7,0.74
559,23.5,4.77
560,19.8,5.34
561,7.0,1.69
562,11.9,2.61
563,39.0,4.84
564,25.5,1.17
565,26.0,3.29
566,26.8,2.14
567,31.9,1.12
568,5.7,5.17
569,15.9,1.64
570,21.6,7.38
571,14.9,2.91
572,39.1,2.59
573,19.5,2.1
574,32.3,1.98
575,39.9,4.97
576,20.2,3.6
577,47.0,4.45
578,23.5,2.09
579,39.7,1.4
580,15.0,0.81
581,20.0,4.48
582,21.3,2.06
583,7.9,2.56
584,17.0,2.34
585,48.4,2.14
586,25.2,3.65
587,10.0,3.16
588,14.9,8.67
589,10.4,1.0
590,4.0,2.94
591,50.3,0.69
592,18.4,4.82
593,13.9,3.21
594,23.9,2.12
595,3.2,4.73
596,12.9,2.26
597,28.2,1.29
598,25.4,2.36
599,60.4,0.73
600,24.8,6.17
601,19.3,4.04
602,31.8,4.32
603,45.8,5.82
604,29.3,4.62
605,57.0,2.14
606,33.1,0.94
607,41.5,1.86
608,8.2,7.37
609,30.0,7.88
610,18.2,4.39
611,22.1,1.21
612,26.2,1.18
613,58.2,5.9
614,60.9,1.01
615,13.2,3.0
616,30.1,1.88
617,31.1,1.53
618,15.2,3.6
619,8.5,8.24
620,4.8,4.49
621,32.8,2.43
622,19.7,2.19
623,61.1,6.46
624,18.9,2.97
625,59.7,2.48
626,17.3,3.64
627,33.8,1.32
628,7.0,0.69
629,22.2,5.53
630,34.4,3.15
631,49.8,1.09
632,36.7,1.52
633,4.6,9.28
634,16.1,3.32
635,5.2,3.33
636,8.1,0.74
637,27.0,8.56
638,28.8,6.09
639,32.6,2.79
640,41.4,1.57
641,30.4,3.74
642,34.3,5.2
643,5.2,4.57
644,11.6,8.84
645,24.9,3.34
646,40.6,1.62
647,3.0,2.49
648,20.6,4.94
649,27.1,1.41
650,4.3,1.3
651,17.0,3.99
652,44.7,2.21
653,26.9,4.95
654,11.7,1.02
655,40.0,1.69
656,15.2,1.42
657,40.1,3.74
658,13.6,4.31
659,23.6,2.27
660,16.9,2.38
661,12.8,0.98
662,43.7,3.77
663,10.3,9.36
664,7.0,4.49
665,15.0,1.28
666,29.1,3.25
667,35.0,1.51
668,63.6,0.53
669,13.5,1.13
670,17.2,0.88
671,8.8,1.19
672,23.0,4.66
673,63.3,1.5
674,28.1,4.29
675,23.8,7.87
676,16.7,2.95
677,48.0,2.42
678,19.9,4.23
679,8.8,0.86
680,15.8,2.12
681,6.2,2.49
682,10.7,5.17
683,3.7,4.91
684,18.6,5.42
685,25.4,3.74
686,15.1,2.68
687,17.6,5.12
688,56.2,5.8
689,31.2,2.4
690,21.6,9.13
691,13.1,5.82
692,44.9,2.56
693,11.7,0.72
694,14.5,1.28
695,46.9,4.48
696,21.2,0.91
697,30.6,2.34
698,23.6,3.13
699,26.1,5.88
700,13.6,5.41
701,11.8,4.36
702,14.4,2.02
703,9.4,1.01
704,42.4,3.55
705,13.1,1.14
706,22.5,2.87
707,33.7,8.96
708,33.2,2.8
709,18.2,3.4
710,19.3,3.6
711,62.8,5.16
712,27.0,2.16
713,35.8,2.49
714,45.7,1.12
715,33.4,3.2
716,10.2,1.51
717,22.5,2.55
718,7.9,4.38
719,26.1,0.46
720,55.5,2.88
721,20.5,1.11
722,18.0,1.46
723,4.6,0.55
724,56.3,1.1
725,7.9,9.17
726,4.9,9.57
727,12.0,3.94
728,6.1,3.18
729,18.7,4.48
730,20.6,6.15
731,14.0,2.62
732,5.3,0.55
733,8.1,3.84
734,16.5,9.1
735,5.8,1.39
736,27.9,2.31
737,10.8,1.8
738,13.7,1.93
739,16.8,3.95
740,17.5,1.88
741,2.9,7.61
742,8.1,4.6
743,41.1,0.51
744,2.9,4.98
745,20.3,4.44
746,19.7,2.6
747,14.7,2.48
748,17.9,5.23
749,33.0,2.11
750,38.7,1.07
751,12.4,1.58
752,14.4,1.41
753,11.9,3.63
754,19.4,1.13
755,27.3,3.39
756,11.4,2.32
757,14.6,5.29
758,50.9,2.42
759,5.2,7.22
760,18.8,6.22
761,28.7,1.15
762,9.2,3.66
763,5.2,1.25
764,8.9,5.05
765,48.7,3.33
766,3.3,1.51
767,10.3,1.36
768,4.4,2.13
769,8.1,4.71
770,24.8,4.66
771,11.8,0.54
772,22.8,1.54
773,23.6,2.09
774,39.6,3.01
775,3.0,1.04
776,40.1,1.68
777,24.8,5.98
778,9.6,2.38
779,32.5,4.17
780,40.3,2.42
781,12.2,2.32
782,48.7,3.24
783,18.6,1.39
784,24.1,1.36
785,60.9,9.26
786,15.7,5.73
787,35.6,4.11
788,14.2,1.0
789,34.2,0.53
790,24.0,1.12
791,11.1,7.49
792,17.4,4.94
793,14.2,2.64
794,6.7,8.56
795,4.3,1.03
796,15.2,2.85
797,3.8,1.15
798,9.6,1.55
799,29.6,7.57
800,28.5,5.72
801,30.4,0.88
802,14.2,1.36
803,44.1,3.07
804,23.8,0.68
805,8.5,2.8
806,9.0,3.01
807,27.7,1.5
808,9.8,1.5
809,20.3,1.29
810,62.3,7.42
811,3.0,1.92
812,3.6,3.01
813,62.5,1.53
814,23.4,3.78
815,8.6,0.88
816,44.9,0.73
817,43.0,4.17
818,21.4,4.0
819,24.9,1.41
820,12.8,1.77
821,5.3,8.16
822,23.8,0.89
823,13.4,1.15
824,26.5,2.13
825,38.2,1.47
826,3.7,3.42
827,23.8,3.69
828,11.5,2.66
829,42.3,3.17
830,12.2,2.15
831,24.4,4.32
832,22.1,0.59
833,16.9,1.58
834,27.1,3.65
835,29.6,1.66
836,22.7,0.77
837,31.6,1.73
838,60.7,3.86
839,17.6,0.95
840,20.6,3.98
841,3.4,4.47
842,34.0,3.33
843,20.8,1.34
844,17.2,4.78
845,7.5,1.25
846,44.1,6.4
847,16.8,3.81
848,27.3,0.65
849,9.2,4.69
850,56.6,2.54
851,10.0,2.25
852,10.6,2.08
853,40.7,3.14
854,47.5,3.98
855,11.0,6.14
856,19.1,1.44
857,30.1,3.3
858,42.8,3.66
859,16.3,3.59
860,20.7,2.46
861,30.6,1.93
862,29.9,4.34
863,33.1,1.53
864,22.8,1.23
865,7.9,2.77
866,45.9,1.42
867,41.4,0.54
868,34.1,0.63
869,7.8,3.72
870,10.7,8.71
871,30.7,2.26
872,4.0,1.03
873,59.9,4.97
874,16.2,1.4
875,29.2,9.48
876,43.8,2.88
877,16.8,1.31
878,14.3,2.48
879,24.3,1.68
880,23.2,4.5
881,17.3,0.89
882,24.1,5.56
883,51.8,4.39
884,19.0,5.62
885,10.5,6.12
886,16.2,1.3
887,16.8,2.63
888,8.7,5.45
889,9.6,1.87
890,27.4,0.68
891,14.9,1.5
892,55.4,1.34
893,11.9,5.75
894,7.7,2.31
895,31.3,3.64
896,43.1,8.33
897,12.9,1.52
898,10.7,4.33
899,10.2,0.49
900,20.9,0.89
901,19.1,1.08
902,12.4,1.58
903,5.1,1.99
904,19.4,2.38
905,56.2,1.35
906,26.1,0.71
907,19.9,3.6
908,8.1,0.49
909,12.2,4.84
910,13.4,7.2
911,32.0,3.85
912,42.6,3.08
913,45.5,3.47
914,60.9,3.44
915,60.5,7.29
916,55.1,8.4
917,6.4,2.12
918,8.9,3.21
919,13.8,4.74
920,22.1,0.38
921,7.6,2.66
922,39.2,3.44
923,24.7,3.91
924,21.7,1.83
925,9.6,1.51
926,12.2,1.14
927,9.5,2.85
928,39.9,6.86
929,23.4,6.14
930,30.2,1.79
931,13.5,1.39
932,16.0,4.59
933,17.1,3.99
934,31.7,2.53
935,32.5,1.93
936,10.8,0.95
937,52.9,4.56
938,8.4,3.21
939,44.8,1.87
940,7.8,6.84
941,12.5,3.49
942,39.3,7.2
943,10.0,2.37
944,17.4,2.26
945,18.5,7.48
946,12.0,8.25
947,28.6,8.28
948,39.8,4.98
949,42.4,2.3
950,14.9,1.23
951,21.2,1.9
952,12.1,7.51
953,11.9,1.81
954,9.5,4.29
955,52.6,6.99
956,43.9,8.61
957,32.8,7.83
958,20.7,2.83
959,19.7,2.46
960,21.2,9.2
961,21.5,1.26
962,18.0,1.16
963,8.7,8.36
964,8.5,3.68
965,54.9,2.72
966,19.5,0.98
967,55.1,2.58
968,9.6,7.71
969,22.2,3.12
970,10.8,2.0
971,12.2,2.81
972,4.3,5.99
973,8.3,6.64
974,48.3,1.98
975,14.3,3.15
976,24.3,1.46
977,19.0,2.24
978,17.0,1.26
979,21.3,2.69
980,10.2,2.97
981,61.7,1.7
982,36.2,1.43
983,30.6,1.04
984,19.1,1.0
985,9.3,3.86
986,49.0,1.27
987,15.0,0.93
988,5.3,9.59
989,15.0,1.39
990,33.9,6.14
991,24.9,3.16
992,31.2,3.89
993,33.8,2.87
994,11.0,1.14
995,49.6,5.41
996,18.1,5.12
997,25.6,1.75
998,2.9,4.36
999,62.6,2.76
1000,13.0,6.51
